Time,Date,ProcessName,AppTitle,ProcessId,DurationSeconds
"2026-06-20 17:08:10","2026-06-20","WindowsTerminal","Windows PowerShell","17368","5"
"2026-06-20 17:08:10","2026-06-20","WindowsTerminal","Windows PowerShell","17368","5"
"2026-06-20 17:08:15","2026-06-20","chrome","Local Folder AI App - Google Chrome","7448","5"
"2026-06-20 17:08:20","2026-06-20","chrome","Local Folder AI App - Google Chrome","7448","5"
"2026-06-20 17:08:25","2026-06-20","chrome","Local Folder AI App - Google Chrome","7448","5"
"2026-06-20 17:08:30","2026-06-20","chrome","Local Folder AI App - Google Chrome","7448","5"
"2026-06-20 17:08:35","2026-06-20","WindowsTerminal","Windows PowerShell","17368","5"
"2026-06-20 17:08:40","2026-06-20","WindowsTerminal","Windows PowerShell","17368","5"
"2026-06-20 17:08:45","2026-06-20","chrome","Local Folder AI App - Google Chrome","7448","5"
"2026-06-20 17:08:50","2026-06-20","WindowsTerminal","Windows PowerShell","17368","5"
"2026-06-20 17:08:55","2026-06-20","WindowsTerminal","Windows PowerShell","17368","5"
"2026-06-20 17:09:00","2026-06-20","chrome","Local Folder AI App - Google Chrome","7448","5"
"2026-06-20 17:09:05","2026-06-20","chrome","Local Folder AI App - Google Chrome","7448","5"
"2026-06-20 17:09:10","2026-06-20","WindowsTerminal","Windows Terminal","17368","5"
"2026-06-20 17:09:15","2026-06-20","WindowsTerminal","Windows PowerShell","17368","5"
"2026-06-20 17:09:20","2026-06-20","WindowsTerminal","Windows PowerShell","17368","5"
"2026-06-20 17:09:25","2026-06-20","WindowsTerminal","Windows PowerShell","17368","5"
"2026-06-20 17:09:30","2026-06-20","WindowsTerminal","Windows PowerShell","17368","5"
"2026-06-20 17:09:35","2026-06-20","WindowsTerminal","Windows PowerShell","17368","5"
"2026-06-20 17:09:40","2026-06-20","WindowsTerminal","Windows PowerShell","17368","5"
"2026-06-20 17:09:45","2026-06-20","WindowsTerminal","Windows PowerShell","17368","5"
"2026-06-20 17:09:50","2026-06-20","WindowsTerminal","Windows PowerShell","17368","5"
"2026-06-20 17:09:55","2026-06-20","chrome","Current Productivity Dashboard - Google Chrome","7448","5"
"2026-06-20 17:10:00","2026-06-20","chrome","Current Productivity Dashboard - Google Chrome","7448","5"
"2026-06-20 17:10:05","2026-06-20","chrome","Current Productivity Dashboard - Google Chrome","7448","5"
"2026-06-20 17:10:10","2026-06-20","chrome","Current Productivity Dashboard - Google Chrome","7448","5"
"2026-06-20 17:10:15","2026-06-20","chrome","Current Productivity Dashboard - Google Chrome","7448","5"
"2026-06-20 17:10:20","2026-06-20","chrome","Current Productivity Dashboard - Google Chrome","7448","5"
"2026-06-20 17:10:25","2026-06-20","chrome","Current Productivity Dashboard - Google Chrome","7448","5"
"2026-06-20 17:10:30","2026-06-20","chrome","Current Productivity Dashboard - Google Chrome","7448","5"
"2026-06-20 17:10:35","2026-06-20","chrome","Current Productivity Dashboard - Google Chrome","7448","5"
"2026-06-20 17:10:40","2026-06-20","chrome","Current Productivity Dashboard - Google Chrome","7448","5"
"2026-06-20 17:10:45","2026-06-20","SnippingTool","Snipping Tool","6220","5"
"2026-06-20 17:10:50","2026-06-20","SnippingTool","Snipping Tool Overlay","6220","5"
"2026-06-20 17:10:55","2026-06-20","chrome","Ollama Server Error Troubleshooting - Google Chrome","7448","5"
"2026-06-20 17:11:00","2026-06-20","chrome","Local Folder AI App - Google Chrome","7448","5"
"2026-06-20 17:11:06","2026-06-20","chrome","Local Folder AI App - Google Chrome","7448","5"
"2026-06-20 17:11:11","2026-06-20","chrome","Local Folder AI App - Google Chrome","7448","5"
"2026-06-20 17:11:16","2026-06-20","chrome","Local Folder AI App - Google Chrome","7448","5"
"2026-06-20 17:11:21","2026-06-20","chrome","Local Folder AI App - Google Chrome","7448","5"
"2026-06-20 17:11:26","2026-06-20","chrome","Local Folder AI App - Google Chrome","7448","5"
"2026-06-20 17:11:31","2026-06-20","chrome","Local Folder AI App - Google Chrome","7448","5"
"2026-06-20 17:11:36","2026-06-20","chrome","Local Folder AI App - Google Chrome","7448","5"
"2026-06-20 17:11:41","2026-06-20","chrome","Local Folder AI App - Google Chrome","7448","5"
"2026-06-20 17:11:46","2026-06-20","chrome","Local Folder AI App - Google Chrome","7448","5"
"2026-06-20 17:11:51","2026-06-20","chrome","Local Folder AI App - Google Chrome","7448","5"
"2026-06-20 17:11:56","2026-06-20","chrome","Local Folder AI App - Google Chrome","7448","5"
"2026-06-20 17:12:01","2026-06-20","chrome","Local Folder AI App - Google Chrome","7448","5"
"2026-06-20 17:12:06","2026-06-20","WindowsTerminal","Windows PowerShell","17368","5"
"2026-06-20 17:12:11","2026-06-20","WindowsTerminal","Windows PowerShell","17368","5"
"2026-06-20 17:12:16","2026-06-20","WindowsTerminal","Windows PowerShell","17368","5"
"2026-06-20 17:12:21","2026-06-20","WindowsTerminal","Windows PowerShell","17368","5"
"2026-06-20 17:12:26","2026-06-20","WindowsTerminal","Windows PowerShell","17368","5"
"2026-06-20 17:12:31","2026-06-20","WindowsTerminal","Windows PowerShell","17368","5"
"2026-06-20 17:12:36","2026-06-20","WindowsTerminal","Windows PowerShell","17368","5"
"2026-06-20 17:12:41","2026-06-20","WindowsTerminal","Windows PowerShell","17368","5"
"2026-06-20 17:12:46","2026-06-20","WindowsTerminal","Windows PowerShell","17368","5"
"2026-06-20 17:12:51","2026-06-20","chrome","Current Productivity Dashboard - Google Chrome","7448","5"
"2026-06-20 17:12:56","2026-06-20","chrome","Current Productivity Dashboard - Google Chrome","7448","5"
"2026-06-20 17:13:01","2026-06-20","chrome","Local Folder AI App - Google Chrome","7448","5"
"2026-06-20 17:13:06","2026-06-20","chrome","Local Folder AI App - Google Chrome","7448","5"
"2026-06-20 17:13:11","2026-06-20","chrome","Local Folder AI App - Google Chrome","7448","5"
"2026-06-20 17:13:16","2026-06-20","chrome","Local Folder AI App - Google Chrome","7448","5"
"2026-06-20 17:13:21","2026-06-20","chrome","Local Folder AI App - Google Chrome","7448","5"
"2026-06-20 17:13:26","2026-06-20","chrome","Local Folder AI App - Google Chrome","7448","5"
"2026-06-20 17:13:31","2026-06-20","chrome","Local Folder AI App - Google Chrome","7448","5"
"2026-06-20 17:13:36","2026-06-20","WindowsTerminal","Windows PowerShell","17368","5"
"2026-06-20 17:13:41","2026-06-20","WindowsTerminal","Windows PowerShell","17368","5"
"2026-06-20 17:13:46","2026-06-20","WindowsTerminal","Windows PowerShell","17368","5"
"2026-06-20 17:13:51","2026-06-20","WindowsTerminal","Windows PowerShell","17368","5"
"2026-06-20 17:13:56","2026-06-20","WindowsTerminal","Windows PowerShell","17368","5"
"2026-06-20 17:14:01","2026-06-20","WindowsTerminal","Windows PowerShell","17368","5"
"2026-06-20 17:14:06","2026-06-20","WindowsTerminal","Windows PowerShell","17368","5"
"2026-06-20 17:14:11","2026-06-20","WindowsTerminal","Windows PowerShell","17368","5"
"2026-06-20 17:14:16","2026-06-20","WindowsTerminal","Windows PowerShell","17368","5"
"2026-06-20 17:14:21","2026-06-20","WindowsTerminal","Windows PowerShell","17368","5"
"2026-06-20 17:14:26","2026-06-20","chrome","Professional Productivity Dashboard - Google Chrome","7448","5"
"2026-06-20 17:14:31","2026-06-20","chrome","Professional Productivity Dashboard - Google Chrome","7448","5"
"2026-06-20 17:14:36","2026-06-20","chrome","Professional Productivity Dashboard - Google Chrome","7448","5"
"2026-06-20 17:14:41","2026-06-20","chrome","Professional Productivity Dashboard - Google Chrome","7448","5"
"2026-06-20 17:14:46","2026-06-20","chrome","Professional Productivity Dashboard - Google Chrome","7448","5"
"2026-06-20 17:14:51","2026-06-20","chrome","Professional Productivity Dashboard - Google Chrome","7448","5"
"2026-06-20 17:14:56","2026-06-20","chrome","Professional Productivity Dashboard - Google Chrome","7448","5"
"2026-06-20 17:15:01","2026-06-20","chrome","Professional Productivity Dashboard - Google Chrome","7448","5"
"2026-06-20 17:15:06","2026-06-20","chrome","Professional Productivity Dashboard - Google Chrome","7448","5"
"2026-06-20 17:15:11","2026-06-20","chrome","Professional Productivity Dashboard - Google Chrome","7448","5"
"2026-06-20 17:15:16","2026-06-20","chrome","Professional Productivity Dashboard - Google Chrome","7448","5"
"2026-06-20 17:15:21","2026-06-20","chrome","Professional Productivity Dashboard - Google Chrome","7448","5"
"2026-06-20 17:15:26","2026-06-20","chrome","Professional Productivity Dashboard - Google Chrome","7448","5"
"2026-06-20 17:15:31","2026-06-20","chrome","Professional Productivity Dashboard - Google Chrome","7448","5"
"2026-06-20 17:15:36","2026-06-20","chrome","Professional Productivity Dashboard - Google Chrome","7448","5"
"2026-06-20 17:15:41","2026-06-20","chrome","Professional Productivity Dashboard - Google Chrome","7448","5"
"2026-06-20 17:15:46","2026-06-20","chrome","Professional Productivity Dashboard - Google Chrome","7448","5"
"2026-06-20 17:15:51","2026-06-20","chrome","Professional Productivity Dashboard - Google Chrome","7448","5"
"2026-06-20 17:15:56","2026-06-20","chrome","Professional Productivity Dashboard - Google Chrome","7448","5"
"2026-06-20 17:16:01","2026-06-20","chrome","Professional Productivity Dashboard - Google Chrome","7448","5"
"2026-06-20 17:16:07","2026-06-20","chrome","Professional Productivity Dashboard - Google Chrome","7448","5"
"2026-06-20 17:16:12","2026-06-20","chrome","Professional Productivity Dashboard - Google Chrome","7448","5"
"2026-06-20 17:16:17","2026-06-20","chrome","Professional Productivity Dashboard - Google Chrome","7448","5"
"2026-06-20 17:16:22","2026-06-20","chrome","Professional Productivity Dashboard - Google Chrome","7448","5"
"2026-06-20 17:16:27","2026-06-20","chrome","Professional Productivity Dashboard - Google Chrome","7448","5"
"2026-06-20 17:16:32","2026-06-20","chrome","Local Folder AI App - Google Chrome","7448","5"
"2026-06-20 17:16:37","2026-06-20","chrome","Local Folder AI App - Google Chrome","7448","5"
"2026-06-20 17:16:42","2026-06-20","chrome","Local Folder AI App - Google Chrome","7448","5"
"2026-06-20 17:16:47","2026-06-20","chrome","Local Folder AI App - Google Chrome","7448","5"
"2026-06-20 17:16:52","2026-06-20","chrome","Local Folder AI App - Google Chrome","7448","5"
"2026-06-20 17:16:57","2026-06-20","chrome","Local Folder AI App - Google Chrome","7448","5"
"2026-06-20 17:17:02","2026-06-20","chrome","Local Folder AI App - Google Chrome","7448","5"
"2026-06-20 17:17:07","2026-06-20","chrome","Local Folder AI App - Google Chrome","7448","5"
"2026-06-20 17:17:12","2026-06-20","chrome","Local Folder AI App - Google Chrome","7448","5"
"2026-06-20 17:17:17","2026-06-20","chrome","Local Folder AI App - Google Chrome","7448","5"
"2026-06-20 17:17:22","2026-06-20","chrome","Local Folder AI App - Google Chrome","7448","5"
"2026-06-20 17:17:27","2026-06-20","chrome","Local Folder AI App - Google Chrome","7448","5"
"2026-06-20 17:17:32","2026-06-20","chrome","Local Folder AI App - Google Chrome","7448","5"
"2026-06-20 17:17:37","2026-06-20","chrome","Local Folder AI App - Google Chrome","7448","5"
"2026-06-20 17:17:42","2026-06-20","WindowsTerminal","Windows PowerShell","17368","5"
"2026-06-20 17:17:47","2026-06-20","WindowsTerminal","Windows PowerShell","17368","5"
"2026-06-20 17:17:52","2026-06-20","WindowsTerminal","Windows PowerShell","17368","5"
"2026-06-20 17:17:57","2026-06-20","WindowsTerminal","Windows PowerShell","17368","5"
"2026-06-20 17:18:02","2026-06-20","WindowsTerminal","Windows PowerShell","17368","5"
"2026-06-20 17:18:07","2026-06-20","WindowsTerminal","Windows PowerShell","17368","5"
"2026-06-20 17:18:12","2026-06-20","WindowsTerminal","Windows PowerShell","17368","5"
"2026-06-20 17:18:17","2026-06-20","chrome","Professional Productivity Dashboard - Google Chrome","7448","5"
"2026-06-20 17:18:22","2026-06-20","chrome","Professional Productivity Dashboard - Google Chrome","7448","5"
"2026-06-20 17:18:27","2026-06-20","chrome","Professional Productivity Dashboard - Google Chrome","7448","5"
"2026-06-20 17:18:32","2026-06-20","chrome","Professional Productivity Dashboard - Google Chrome","7448","5"
"2026-06-20 17:18:37","2026-06-20","chrome","Local Folder AI App - Google Chrome","7448","5"
"2026-06-20 17:18:42","2026-06-20","chrome","Local Folder AI App - Google Chrome","7448","5"
"2026-06-20 17:18:47","2026-06-20","chrome","Local Folder AI App - Google Chrome","7448","5"
"2026-06-20 17:18:52","2026-06-20","chrome","Local Folder AI App - Google Chrome","7448","5"
"2026-06-20 17:18:57","2026-06-20","chrome","Local Folder AI App - Google Chrome","7448","5"
"2026-06-20 17:19:02","2026-06-20","chrome","Local Folder AI App - Google Chrome","7448","5"
"2026-06-20 17:19:07","2026-06-20","chrome","Local Folder AI App - Google Chrome","7448","5"
"2026-06-20 17:19:12","2026-06-20","chrome","Local Folder AI App - Google Chrome","7448","5"
"2026-06-20 17:19:17","2026-06-20","chrome","Local Folder AI App - Google Chrome","7448","5"
"2026-06-20 17:19:22","2026-06-20","chrome","Local Folder AI App - Google Chrome","7448","5"
"2026-06-20 17:19:27","2026-06-20","chrome","Local Folder AI App - Google Chrome","7448","5"
"2026-06-20 17:19:32","2026-06-20","chrome","Local Folder AI App - Google Chrome","7448","5"
"2026-06-20 17:19:37","2026-06-20","chrome","Local Folder AI App - Google Chrome","7448","5"
"2026-06-20 17:19:42","2026-06-20","chrome","Local Folder AI App - Google Chrome","7448","5"
"2026-06-20 17:19:47","2026-06-20","chrome","Local Folder AI App - Google Chrome","7448","5"
"2026-06-20 17:19:52","2026-06-20","chrome","Local Folder AI App - Google Chrome","7448","5"
"2026-06-20 17:19:57","2026-06-20","WindowsTerminal","Windows PowerShell","17368","5"
"2026-06-20 17:20:02","2026-06-20","WindowsTerminal","Windows PowerShell","17368","5"
"2026-06-20 17:20:07","2026-06-20","WindowsTerminal","Windows PowerShell","17368","5"
"2026-06-20 17:20:12","2026-06-20","explorer","No title","8840","5"
"2026-06-20 17:20:17","2026-06-20","WindowsTerminal","Windows PowerShell","17368","5"
"2026-06-20 17:20:22","2026-06-20","WindowsTerminal","Windows PowerShell","17368","5"
"2026-06-20 17:20:27","2026-06-20","Taskmgr","Task Manager","768","5"
"2026-06-20 17:20:32","2026-06-20","Taskmgr","Task Manager","768","5"
"2026-06-20 17:20:37","2026-06-20","Taskmgr","Task Manager","768","5"
"2026-06-20 17:20:42","2026-06-20","chrome","TrendAI Productivity Pro Dashboard - Google Chrome","7448","5"
"2026-06-20 17:20:47","2026-06-20","chrome","TrendAI Productivity Pro Dashboard - Google Chrome","7448","5"
"2026-06-20 17:20:52","2026-06-20","chrome","TrendAI Productivity Pro Dashboard - Google Chrome","7448","5"
"2026-06-20 17:20:57","2026-06-20","chrome","TrendAI Productivity Pro Dashboard - Google Chrome","7448","5"
"2026-06-20 17:21:02","2026-06-20","chrome","TrendAI Productivity Pro Dashboard - Google Chrome","7448","5"
"2026-06-20 17:21:08","2026-06-20","chrome","TrendAI Productivity Pro Dashboard - Google Chrome","7448","5"
"2026-06-20 17:21:13","2026-06-20","chrome","TrendAI Productivity Pro Dashboard - Google Chrome","7448","5"
"2026-06-20 17:21:18","2026-06-20","chrome","TrendAI Productivity Pro Dashboard - Google Chrome","7448","5"
"2026-06-20 17:21:23","2026-06-20","chrome","TrendAI Productivity Pro Dashboard - Google Chrome","7448","5"
"2026-06-20 17:21:28","2026-06-20","chrome","TrendAI Productivity Pro Dashboard - Google Chrome","7448","5"
"2026-06-20 17:21:33","2026-06-20","WindowsTerminal","Windows PowerShell","17368","5"
"2026-06-20 17:21:38","2026-06-20","WindowsTerminal","Windows PowerShell","17368","5"
"2026-06-20 17:21:43","2026-06-20","WindowsTerminal","Windows PowerShell","17368","5"
"2026-06-20 17:21:48","2026-06-20","chrome","TrendAI Productivity Pro Dashboard - Google Chrome","7448","5"
"2026-06-20 17:21:53","2026-06-20","chrome","TrendAI Productivity Pro Dashboard - Google Chrome","7448","5"
"2026-06-20 17:21:58","2026-06-20","WindowsTerminal","Windows PowerShell","17368","5"
"2026-06-20 17:22:33","2026-06-20","WindowsTerminal","Windows PowerShell","17368","5"
"2026-06-20 17:22:33","2026-06-20","WindowsTerminal","Windows PowerShell","17368","5"
"2026-06-20 17:22:38","2026-06-20","WindowsTerminal","Windows PowerShell","17368","5"
"2026-06-20 17:22:43","2026-06-20","WindowsTerminal","Windows PowerShell","17368","5"
"2026-06-20 17:22:48","2026-06-20","chrome","TrendAI Productivity Pro Dashboard - Google Chrome","7448","5"
"2026-06-20 17:22:53","2026-06-20","chrome","TrendAI Productivity Pro Dashboard - Google Chrome","7448","5"
"2026-06-20 17:22:58","2026-06-20","chrome","TrendAI Productivity Pro Dashboard - Google Chrome","7448","5"
"2026-06-20 17:23:03","2026-06-20","chrome","TrendAI Productivity Pro Dashboard - Google Chrome","7448","5"
"2026-06-20 17:23:08","2026-06-20","chrome","TrendAI Productivity Pro Dashboard - Google Chrome","7448","5"
"2026-06-20 17:23:13","2026-06-20","WindowsTerminal","Windows PowerShell","17368","5"
"2026-06-20 17:23:18","2026-06-20","chrome","TrendAI Productivity Pro Dashboard - Google Chrome","7448","5"
"2026-06-20 17:23:23","2026-06-20","WindowsTerminal","Windows PowerShell","17368","5"
"2026-06-20 17:23:28","2026-06-20","WindowsTerminal","Windows PowerShell","17368","5"
"2026-06-20 17:23:33","2026-06-20","WindowsTerminal","Windows PowerShell","17368","5"
"2026-06-20 17:23:38","2026-06-20","WindowsTerminal","Windows PowerShell","17368","5"
"2026-06-20 17:23:43","2026-06-20","WindowsTerminal","Windows PowerShell","17368","5"
"2026-06-20 17:23:48","2026-06-20","WindowsTerminal","Windows PowerShell","17368","5"
"2026-06-20 17:23:53","2026-06-20","chrome","TrendAI Productivity Pro Dashboard - Google Chrome","7448","5"
"2026-06-20 17:23:58","2026-06-20","SnippingTool","Snipping Tool Overlay","6220","5"
"2026-06-20 17:24:03","2026-06-20","chrome","TrendAI Productivity Pro Dashboard - Google Chrome","7448","5"
"2026-06-20 17:24:08","2026-06-20","chrome","Local Folder AI App - Google Chrome","7448","5"
"2026-06-20 17:24:13","2026-06-20","chrome","Local Folder AI App - Google Chrome","7448","5"
"2026-06-20 17:24:18","2026-06-20","chrome","Local Folder AI App - Google Chrome","7448","5"
"2026-06-20 17:24:23","2026-06-20","chrome","Local Folder AI App - Google Chrome","7448","5"
"2026-06-20 17:24:28","2026-06-20","chrome","Local Folder AI App - Google Chrome","7448","5"
"2026-06-20 17:24:33","2026-06-20","chrome","TrendAI Productivity Pro Dashboard - Google Chrome","7448","5"
"2026-06-20 17:24:38","2026-06-20","chrome","Local Folder AI App - Google Chrome","7448","5"
"2026-06-20 17:24:43","2026-06-20","chrome","Local Folder AI App - Google Chrome","7448","5"
"2026-06-20 17:24:48","2026-06-20","explorer","No title","8840","5"
"2026-06-20 17:24:53","2026-06-20","WindowsTerminal","Windows PowerShell","17368","5"
"2026-06-20 17:24:58","2026-06-20","WindowsTerminal","Windows PowerShell","17368","5"
"2026-06-20 17:25:03","2026-06-20","WindowsTerminal","Windows PowerShell","17368","5"
"2026-06-20 17:25:08","2026-06-20","WindowsTerminal","Windows PowerShell","17368","5"
"2026-06-20 17:25:13","2026-06-20","chrome","Google Keep - Google Chrome","7448","5"
"2026-06-20 17:25:18","2026-06-20","chrome","Local Folder AI App - Google Chrome","7448","5"
"2026-06-20 17:25:23","2026-06-20","chrome","Local Folder AI App - Google Chrome","7448","5"
"2026-06-20 17:25:28","2026-06-20","chrome","Local Folder AI App - Google Chrome","7448","5"
"2026-06-20 17:25:33","2026-06-20","chrome","Local Folder AI App - Google Chrome","7448","5"
"2026-06-20 17:25:38","2026-06-20","chrome","Local Folder AI App - Google Chrome","7448","5"
"2026-06-20 17:25:43","2026-06-20","chrome","New Tab - Google Chrome","7448","5"
"2026-06-20 17:25:48","2026-06-20","chrome","YouTube - Google Chrome","7448","5"
"2026-06-20 17:25:53","2026-06-20","chrome","YouTube - Google Chrome","7448","5"
"2026-06-20 17:25:58","2026-06-20","chrome","YouTube - Google Chrome","7448","5"
"2026-06-20 17:26:03","2026-06-20","chrome","YouTube - Google Chrome","7448","5"
"2026-06-20 17:26:08","2026-06-20","chrome","YouTube - Google Chrome","7448","5"
"2026-06-20 17:26:13","2026-06-20","chrome","YouTube - Google Chrome","7448","5"
"2026-06-20 17:26:18","2026-06-20","chrome","???? ???????? ?? ????? ???? Comedy Video #comedy #funny #trending #youtubeshorts #shorts - YouTube - Google Chrome","7448","5"
"2026-06-20 17:26:23","2026-06-20","chrome","???? ???????? ?? ????? ???? Comedy Video #comedy #funny #trending #youtubeshorts #shorts - YouTube - Google Chrome","7448","5"
"2026-06-20 17:26:28","2026-06-20","chrome","???? ???????? ?? ????? ???? Comedy Video #comedy #funny #trending #youtubeshorts #shorts - YouTube - Google Chrome","7448","5"
"2026-06-20 17:26:33","2026-06-20","chrome","???? ???????? ?? ????? ???? Comedy Video #comedy #funny #trending #youtubeshorts #shorts - YouTube - Google Chrome","7448","5"
"2026-06-20 17:26:38","2026-06-20","chrome","?? ??? ??? ?? ???? Sas Bahu Ki Comedy | Haryanvi Comedy Video #youtubeshorts #funny #shorts - YouTube - Google Chrome","7448","5"
"2026-06-20 17:26:43","2026-06-20","chrome","?? ??? ??? ?? ???? Sas Bahu Ki Comedy | Haryanvi Comedy Video #youtubeshorts #funny #shorts - YouTube - Google Chrome","7448","5"
"2026-06-20 17:26:49","2026-06-20","chrome","?? ??? ??? ?? ???? Sas Bahu Ki Comedy | Haryanvi Comedy Video #youtubeshorts #funny #shorts - YouTube - Google Chrome","7448","5"
"2026-06-20 17:26:54","2026-06-20","chrome","?? ??? ??? ?? ???? Sas Bahu Ki Comedy | Haryanvi Comedy Video #youtubeshorts #funny #shorts - YouTube - Google Chrome","7448","5"
"2026-06-20 17:26:59","2026-06-20","chrome","?? ??? ??? ?? ???? Sas Bahu Ki Comedy | Haryanvi Comedy Video #youtubeshorts #funny #shorts - YouTube - Google Chrome","7448","5"
"2026-06-20 17:27:04","2026-06-20","chrome","?? ??? ??? ?? ???? Sas Bahu Ki Comedy | Haryanvi Comedy Video #youtubeshorts #funny #shorts - YouTube - Google Chrome","7448","5"
"2026-06-20 17:27:09","2026-06-20","chrome","Local Folder AI App - Google Chrome","7448","5"
"2026-06-20 17:27:14","2026-06-20","chrome","Local Folder AI App - Google Chrome","7448","5"
"2026-06-20 17:27:19","2026-06-20","WindowsTerminal","Windows PowerShell","17368","5"
"2026-06-20 17:27:24","2026-06-20","WindowsTerminal","Windows PowerShell","17368","5"
"2026-06-20 17:27:29","2026-06-20","WindowsTerminal","Windows PowerShell","17368","5"
"2026-06-20 17:27:34","2026-06-20","WindowsTerminal","Windows PowerShell","17368","5"
"2026-06-20 17:27:39","2026-06-20","WindowsTerminal","Windows PowerShell","17368","5"
"2026-06-20 17:27:44","2026-06-20","WindowsTerminal","Windows PowerShell","17368","5"
"2026-06-20 17:27:49","2026-06-20","WindowsTerminal","Windows PowerShell","17368","5"
"2026-06-20 17:27:54","2026-06-20","WindowsTerminal","Windows PowerShell","17368","5"
"2026-06-20 17:27:59","2026-06-20","Taskmgr","Task Manager","768","5"
"2026-06-20 17:28:04","2026-06-20","chrome","Local Folder AI App - Google Chrome","7448","5"
"2026-06-20 17:28:09","2026-06-20","explorer","No title","8840","5"
"2026-06-20 17:28:14","2026-06-20","WindowsTerminal","Windows PowerShell","17368","5"
"2026-06-20 17:28:19","2026-06-20","WindowsTerminal","Windows PowerShell","17368","5"
"2026-06-20 17:28:24","2026-06-20","WindowsTerminal","Windows PowerShell","17368","5"
"2026-06-20 17:28:29","2026-06-20","WindowsTerminal","Windows PowerShell","17368","5"
"2026-06-20 17:28:34","2026-06-20","WindowsTerminal","Windows PowerShell","17368","5"
"2026-06-20 17:28:39","2026-06-20","WindowsTerminal","Windows PowerShell","17368","5"
"2026-06-20 17:28:44","2026-06-20","WindowsTerminal","Windows PowerShell","17368","5"
"2026-06-20 17:28:49","2026-06-20","chrome","TrendAI Productivity Pro Dashboard - Google Chrome","7448","5"
"2026-06-20 17:28:54","2026-06-20","chrome","TrendAI Productivity Pro Dashboard - Google Chrome","7448","5"
"2026-06-20 17:28:59","2026-06-20","chrome","TrendAI Productivity Pro Dashboard - Google Chrome","7448","5"
"2026-06-20 17:29:04","2026-06-20","chrome","TrendAI Productivity Pro Dashboard - Google Chrome","7448","5"
"2026-06-20 17:29:09","2026-06-20","chrome","TrendAI Productivity Pro Dashboard - Google Chrome","7448","5"
"2026-06-20 17:29:14","2026-06-20","chrome","TrendAI Productivity Pro Dashboard - Google Chrome","7448","5"
"2026-06-20 17:29:19","2026-06-20","chrome","TrendAI Productivity Pro Dashboard - Google Chrome","7448","5"
"2026-06-20 17:29:24","2026-06-20","chrome","TrendAI Productivity Pro Dashboard - Google Chrome","7448","5"
"2026-06-20 17:29:29","2026-06-20","chrome","TrendAI Productivity Pro Dashboard - Google Chrome","7448","5"
"2026-06-20 17:29:34","2026-06-20","chrome","TrendAI Productivity Pro Dashboard - Google Chrome","7448","5"
"2026-06-20 17:29:39","2026-06-20","chrome","TrendAI Productivity Pro Dashboard - Google Chrome","7448","5"
"2026-06-20 17:29:44","2026-06-20","chrome","TrendAI Productivity Pro Dashboard - Google Chrome","7448","5"
"2026-06-20 17:29:49","2026-06-20","chrome","TrendAI Productivity Pro Dashboard - Google Chrome","7448","5"
"2026-06-20 17:29:54","2026-06-20","chrome","TrendAI Productivity Pro Dashboard - Google Chrome","7448","5"
"2026-06-20 17:29:59","2026-06-20","chrome","TrendAI Productivity Pro Dashboard - Google Chrome","7448","5"
"2026-06-20 17:30:04","2026-06-20","chrome","TrendAI Productivity Pro Dashboard - Google Chrome","7448","5"
"2026-06-20 17:30:09","2026-06-20","chrome","TrendAI Productivity Pro Dashboard - Google Chrome","7448","5"
"2026-06-20 17:30:14","2026-06-20","chrome","TrendAI Productivity Pro Dashboard - Google Chrome","7448","5"
"2026-06-20 17:30:19","2026-06-20","chrome","TrendAI Productivity Pro Dashboard - Google Chrome","7448","5"
"2026-06-20 17:30:24","2026-06-20","chrome","TrendAI Productivity Pro Dashboard - Google Chrome","7448","5"
"2026-06-20 17:30:29","2026-06-20","chrome","TrendAI Productivity Pro Dashboard - Google Chrome","7448","5"
"2026-06-20 17:30:34","2026-06-20","chrome","TrendAI Productivity Pro Dashboard - Google Chrome","7448","5"
"2026-06-20 17:30:39","2026-06-20","chrome","TrendAI Productivity Pro Dashboard - Google Chrome","7448","5"
"2026-06-20 17:30:44","2026-06-20","chrome","TrendAI Productivity Pro Dashboard - Google Chrome","7448","5"
"2026-06-20 17:30:49","2026-06-20","chrome","TrendAI Productivity Pro Dashboard - Google Chrome","7448","5"
"2026-06-20 17:30:54","2026-06-20","chrome","TrendAI Productivity Pro Dashboard - Google Chrome","7448","5"
"2026-06-20 17:30:59","2026-06-20","chrome","Local Folder AI App - Google Chrome","7448","5"
"2026-06-20 17:31:04","2026-06-20","chrome","Local Folder AI App - Google Chrome","7448","5"
"2026-06-20 17:31:09","2026-06-20","chrome","Local Folder AI App - Google Chrome","7448","5"
"2026-06-20 17:31:14","2026-06-20","chrome","Local Folder AI App - Google Chrome","7448","5"
"2026-06-20 17:31:19","2026-06-20","chrome","Local Folder AI App - Google Chrome","7448","5"
"2026-06-20 17:31:24","2026-06-20","chrome","Local Folder AI App - Google Chrome","7448","5"
"2026-06-20 17:31:29","2026-06-20","chrome","Local Folder AI App - Google Chrome","7448","5"
"2026-06-20 17:31:34","2026-06-20","chrome","Local Folder AI App - Google Chrome","7448","5"
"2026-06-20 17:31:39","2026-06-20","chrome","Local Folder AI App - Google Chrome","7448","5"
"2026-06-20 17:31:44","2026-06-20","chrome","Local Folder AI App - Google Chrome","7448","5"
"2026-06-20 17:31:49","2026-06-20","chrome","Local Folder AI App - Google Chrome","7448","5"
"2026-06-20 17:31:54","2026-06-20","chrome","Local Folder AI App - Google Chrome","7448","5"
"2026-06-20 17:31:59","2026-06-20","chrome","Local Folder AI App - Google Chrome","7448","5"
"2026-06-20 17:32:05","2026-06-20","chrome","Local Folder AI App - Google Chrome","7448","5"
"2026-06-20 17:32:10","2026-06-20","chrome","Local Folder AI App - Google Chrome","7448","5"
"2026-06-20 17:32:15","2026-06-20","explorer","TrendAI-Agent - File Explorer","8840","5"
"2026-06-20 17:32:20","2026-06-20","explorer","reports - File Explorer","8840","5"
"2026-06-20 17:32:25","2026-06-20","chrome","Local Folder AI App - Google Chrome","7448","5"
"2026-06-20 17:32:30","2026-06-20","chrome","Local Folder AI App - Google Chrome","7448","5"
"2026-06-20 17:32:35","2026-06-20","chrome","Local Folder AI App - Google Chrome","7448","5"
"2026-06-20 17:32:40","2026-06-20","chrome","Local Folder AI App - Google Chrome","7448","5"
"2026-06-20 17:32:45","2026-06-20","chrome","Local Folder AI App - Google Chrome","7448","5"
"2026-06-20 17:32:50","2026-06-20","chrome","Local Folder AI App - Google Chrome","7448","5"
"2026-06-20 17:32:55","2026-06-20","chrome","Local Folder AI App - Google Chrome","7448","5"
"2026-06-20 17:33:00","2026-06-20","chrome","Local Folder AI App - Google Chrome","7448","5"
"2026-06-20 17:33:05","2026-06-20","chrome","Local Folder AI App - Google Chrome","7448","5"
"2026-06-20 17:33:10","2026-06-20","chrome","Local Folder AI App - Google Chrome","7448","5"
"2026-06-20 17:33:15","2026-06-20","chrome","Local Folder AI App - Google Chrome","7448","5"
"2026-06-20 17:33:20","2026-06-20","chrome","Local Folder AI App - Google Chrome","7448","5"
"2026-06-20 17:33:25","2026-06-20","chrome","Local Folder AI App - Google Chrome","7448","5"
"2026-06-20 17:33:30","2026-06-20","chrome","Local Folder AI App - Google Chrome","7448","5"
"2026-06-20 17:33:35","2026-06-20","chrome","Local Folder AI App - Google Chrome","7448","5"
"2026-06-20 17:33:40","2026-06-20","chrome","Local Folder AI App - Google Chrome","7448","5"
"2026-06-20 17:33:45","2026-06-20","chrome","Local Folder AI App - Google Chrome","7448","5"
"2026-06-20 17:33:50","2026-06-20","chrome","Local Folder AI App - Google Chrome","7448","5"
"2026-06-20 17:33:55","2026-06-20","chrome","Local Folder AI App - Google Chrome","7448","5"
"2026-06-20 17:34:00","2026-06-20","chrome","Local Folder AI App - Google Chrome","7448","5"
"2026-06-20 17:34:05","2026-06-20","chrome","Local Folder AI App - Google Chrome","7448","5"
"2026-06-20 17:34:10","2026-06-20","chrome","Local Folder AI App - Google Chrome","7448","5"
"2026-06-20 17:34:15","2026-06-20","chrome","Local Folder AI App - Google Chrome","7448","5"
"2026-06-20 17:34:20","2026-06-20","chrome","Local Folder AI App - Google Chrome","7448","5"
"2026-06-20 17:34:25","2026-06-20","chrome","Local Folder AI App - Google Chrome","7448","5"
"2026-06-20 17:34:30","2026-06-20","chrome","Local Folder AI App - Google Chrome","7448","5"
"2026-06-20 17:34:35","2026-06-20","chrome","Local Folder AI App - Google Chrome","7448","5"
"2026-06-20 17:34:40","2026-06-20","chrome","Local Folder AI App - Google Chrome","7448","5"
"2026-06-20 17:34:45","2026-06-20","chrome","Local Folder AI App - Google Chrome","7448","5"
"2026-06-20 17:34:50","2026-06-20","chrome","Local Folder AI App - Google Chrome","7448","5"
"2026-06-20 17:34:55","2026-06-20","chrome","Local Folder AI App - Google Chrome","7448","5"
"2026-06-20 17:35:00","2026-06-20","chrome","Local Folder AI App - Google Chrome","7448","5"
"2026-06-20 17:35:05","2026-06-20","chrome","Local Folder AI App - Google Chrome","7448","5"
"2026-06-20 17:35:10","2026-06-20","chrome","Local Folder AI App - Google Chrome","7448","5"
"2026-06-20 17:35:15","2026-06-20","chrome","Local Folder AI App - Google Chrome","7448","5"
"2026-06-20 17:35:20","2026-06-20","chrome","Local Folder AI App - Google Chrome","7448","5"
"2026-06-20 17:35:25","2026-06-20","chrome","Local Folder AI App - Google Chrome","7448","5"
"2026-06-20 17:35:30","2026-06-20","chrome","Local Folder AI App - Google Chrome","7448","5"
"2026-06-20 17:35:35","2026-06-20","chrome","Local Folder AI App - Google Chrome","7448","5"
"2026-06-20 17:35:40","2026-06-20","chrome","Local Folder AI App - Google Chrome","7448","5"
"2026-06-20 17:35:45","2026-06-20","chrome","Local Folder AI App - Google Chrome","7448","5"
"2026-06-20 17:35:50","2026-06-20","chrome","Local Folder AI App - Google Chrome","7448","5"
"2026-06-20 17:35:55","2026-06-20","chrome","Local Folder AI App - Google Chrome","7448","5"
"2026-06-20 17:36:00","2026-06-20","chrome","Local Folder AI App - Google Chrome","7448","5"
"2026-06-20 17:36:05","2026-06-20","chrome","Local Folder AI App - Google Chrome","7448","5"
"2026-06-20 17:36:10","2026-06-20","chrome","Local Folder AI App - Google Chrome","7448","5"
"2026-06-20 17:36:15","2026-06-20","chrome","Local Folder AI App - Google Chrome","7448","5"
"2026-06-20 17:36:20","2026-06-20","chrome","Local Folder AI App - Google Chrome","7448","5"
"2026-06-20 17:36:25","2026-06-20","chrome","Local Folder AI App - Google Chrome","7448","5"
"2026-06-20 17:36:30","2026-06-20","chrome","Local Folder AI App - Google Chrome","7448","5"
"2026-06-20 17:36:35","2026-06-20","chrome","Local Folder AI App - Google Chrome","7448","5"
"2026-06-20 17:36:40","2026-06-20","chrome","Local Folder AI App - Google Chrome","7448","5"
"2026-06-20 17:36:45","2026-06-20","WindowsTerminal","Windows PowerShell","17368","5"
"2026-06-20 17:36:50","2026-06-20","WindowsTerminal","Windows PowerShell","17368","5"
"2026-06-20 17:36:55","2026-06-20","WindowsTerminal","Windows PowerShell","17368","5"
"2026-06-20 17:37:00","2026-06-20","chrome","Local Folder AI App - Google Chrome","7448","5"
"2026-06-20 17:37:05","2026-06-20","chrome","Local Folder AI App - Google Chrome","7448","5"
"2026-06-20 17:37:10","2026-06-20","chrome","Local Folder AI App - Google Chrome","7448","5"
"2026-06-20 17:37:15","2026-06-20","chrome","Local Folder AI App - Google Chrome","7448","5"
"2026-06-20 17:37:20","2026-06-20","chrome","Local Folder AI App - Google Chrome","7448","5"
"2026-06-20 17:37:26","2026-06-20","chrome","Local Folder AI App - Google Chrome","7448","5"
"2026-06-20 17:37:31","2026-06-20","chrome","Local Folder AI App - Google Chrome","7448","5"
"2026-06-20 17:37:36","2026-06-20","chrome","Local Folder AI App - Google Chrome","7448","5"
"2026-06-20 17:37:41","2026-06-20","chrome","Local Folder AI App - Google Chrome","7448","5"
"2026-06-20 17:37:46","2026-06-20","chrome","Local Folder AI App - Google Chrome","7448","5"
"2026-06-20 17:37:51","2026-06-20","chrome","Local Folder AI App - Google Chrome","7448","5"
"2026-06-20 17:37:56","2026-06-20","chrome","Local Folder AI App - Google Chrome","7448","5"
"2026-06-20 17:38:01","2026-06-20","chrome","Local Folder AI App - Google Chrome","7448","5"
"2026-06-20 17:38:06","2026-06-20","WindowsTerminal","Windows PowerShell","17368","5"
"2026-06-20 17:38:11","2026-06-20","chrome","Local Folder AI App - Google Chrome","7448","5"
"2026-06-20 17:38:16","2026-06-20","explorer","No title","8840","5"
"2026-06-20 17:38:21","2026-06-20","WindowsTerminal","Windows PowerShell","17368","5"
"2026-06-20 17:38:26","2026-06-20","WindowsTerminal","Windows PowerShell","17368","5"
"2026-06-20 17:38:31","2026-06-20","WindowsTerminal","Windows PowerShell","17368","5"
"2026-06-20 17:38:36","2026-06-20","WindowsTerminal","Windows PowerShell","17368","5"
"2026-06-20 17:38:41","2026-06-20","WindowsTerminal","Windows PowerShell","17368","5"
"2026-06-20 17:38:46","2026-06-20","WindowsTerminal","Windows PowerShell","17368","5"
"2026-06-20 17:38:51","2026-06-20","WindowsTerminal","Windows PowerShell","17368","5"
"2026-06-20 17:38:56","2026-06-20","WindowsTerminal","Windows PowerShell","17368","5"
"2026-06-20 17:39:01","2026-06-20","WindowsTerminal","Windows PowerShell","17368","5"
"2026-06-20 17:39:06","2026-06-20","WindowsTerminal","Windows PowerShell","17368","5"
"2026-06-20 17:39:11","2026-06-20","WindowsTerminal","Windows PowerShell","17368","5"
"2026-06-20 17:39:16","2026-06-20","WindowsTerminal","Windows PowerShell","17368","5"
"2026-06-20 17:39:21","2026-06-20","WindowsTerminal","Windows PowerShell","17368","5"
"2026-06-20 17:39:26","2026-06-20","WindowsTerminal","Windows PowerShell","17368","5"
"2026-06-20 17:39:31","2026-06-20","WindowsTerminal","Windows PowerShell","17368","5"
"2026-06-20 17:39:36","2026-06-20","chrome","Local Folder AI App - Google Chrome","7448","5"
"2026-06-20 17:39:41","2026-06-20","chrome","Local Folder AI App - Google Chrome","7448","5"
"2026-06-20 17:39:46","2026-06-20","chrome","Local Folder AI App - Google Chrome","7448","5"
"2026-06-20 17:39:51","2026-06-20","chrome","Local Folder AI App - Google Chrome","7448","5"
"2026-06-20 17:39:56","2026-06-20","chrome","Local Folder AI App - Google Chrome","7448","5"
"2026-06-20 17:40:01","2026-06-20","chrome","Local Folder AI App - Google Chrome","7448","5"
"2026-06-20 17:40:06","2026-06-20","chrome","Local Folder AI App - Google Chrome","7448","5"
"2026-06-20 17:40:11","2026-06-20","chrome","Local Folder AI App - Google Chrome","7448","5"
"2026-06-20 17:40:16","2026-06-20","chrome","Local Folder AI App - Google Chrome","7448","5"
"2026-06-20 17:40:21","2026-06-20","chrome","Ollama Server Error Troubleshooting - Google Chrome","7448","5"
"2026-06-20 17:40:26","2026-06-20","chrome","Local Folder AI App - Google Chrome","7448","5"
"2026-06-20 17:40:31","2026-06-20","chrome","Local Folder AI App - Google Chrome","7448","5"
"2026-06-20 17:40:36","2026-06-20","chrome","Local Folder AI App - Google Chrome","7448","5"
"2026-06-20 17:40:41","2026-06-20","chrome","Local Folder AI App - Google Chrome","7448","5"
"2026-06-20 17:40:46","2026-06-20","chrome","Local Folder AI App - Google Chrome","7448","5"
"2026-06-20 17:40:51","2026-06-20","chrome","Local Folder AI App - Google Chrome","7448","5"
"2026-06-20 17:40:56","2026-06-20","chrome","Local Folder AI App - Google Chrome","7448","5"
"2026-06-20 17:41:01","2026-06-20","chrome","Local Folder AI App - Google Chrome","7448","5"
"2026-06-20 17:41:06","2026-06-20","chrome","Local Folder AI App - Google Chrome","7448","5"
"2026-06-20 17:41:11","2026-06-20","chrome","Local Folder AI App - Google Chrome","7448","5"
"2026-06-20 17:41:16","2026-06-20","chrome","Local System Health AI Report - Google Chrome","7448","5"
"2026-06-20 17:41:21","2026-06-20","chrome","Local System Health AI Report - Google Chrome","7448","5"
"2026-06-20 17:41:26","2026-06-20","chrome","Local System Health AI Report - Google Chrome","7448","5"
"2026-06-20 17:41:31","2026-06-20","chrome","Local System Health AI Report - Google Chrome","7448","5"
"2026-06-20 17:41:36","2026-06-20","chrome","Local System Health AI Report - Google Chrome","7448","5"
"2026-06-20 17:41:41","2026-06-20","chrome","Local System Health AI Report - Google Chrome","7448","5"
"2026-06-20 17:41:46","2026-06-20","chrome","Local System Health AI Report - Google Chrome","7448","5"
"2026-06-20 17:41:51","2026-06-20","chrome","Local Folder AI App - Google Chrome","7448","5"
"2026-06-20 17:41:56","2026-06-20","chrome","Local Folder AI App - Google Chrome","7448","5"
"2026-06-20 17:42:01","2026-06-20","chrome","Local Folder AI App - Google Chrome","7448","5"
"2026-06-20 17:42:06","2026-06-20","explorer","No title","8840","5"
"2026-06-20 17:42:11","2026-06-20","WindowsTerminal","Windows PowerShell","17368","5"
"2026-06-20 17:42:16","2026-06-20","WindowsTerminal","Windows PowerShell","17368","5"
"2026-06-20 17:42:21","2026-06-20","chrome","Local Folder AI App - Google Chrome","7448","5"
"2026-06-20 17:42:26","2026-06-20","Notepad","README.md - Notepad","13040","5"
"2026-06-20 17:42:31","2026-06-20","Notepad","*README.md - Notepad","13040","5"
"2026-06-20 17:42:36","2026-06-20","Notepad","*README.md - Notepad","13040","5"
"2026-06-20 17:42:41","2026-06-20","Notepad","*README.md - Notepad","13040","5"
"2026-06-20 17:42:47","2026-06-20","Notepad","*README.md - Notepad","13040","5"
"2026-06-20 17:42:52","2026-06-20","Notepad","*README.md - Notepad","13040","5"
"2026-06-20 17:42:57","2026-06-20","Notepad","*README.md - Notepad","13040","5"
"2026-06-20 17:43:02","2026-06-20","Notepad","*README.md - Notepad","13040","5"
"2026-06-20 17:43:07","2026-06-20","Notepad","*README.md - Notepad","13040","5"
"2026-06-20 17:43:12","2026-06-20","chrome","Local Folder AI App - Google Chrome","7448","5"
"2026-06-20 17:43:17","2026-06-20","chrome","Local Folder AI App - Google Chrome","7448","5"
"2026-06-20 17:43:22","2026-06-20","chrome","Local Folder AI App - Google Chrome","7448","5"
"2026-06-20 17:43:27","2026-06-20","chrome","Local Folder AI App - Google Chrome","7448","5"
"2026-06-20 17:43:32","2026-06-20","chrome","Local Folder AI App - Google Chrome","7448","5"
"2026-06-20 17:43:37","2026-06-20","chrome","Local Folder AI App - Google Chrome","7448","5"
"2026-06-20 17:43:42","2026-06-20","chrome","Local Folder AI App - Google Chrome","7448","5"
"2026-06-20 17:43:47","2026-06-20","chrome","Local Folder AI App - Google Chrome","7448","5"
"2026-06-20 17:43:52","2026-06-20","chrome","Local Folder AI App - Google Chrome","7448","5"
"2026-06-20 17:43:57","2026-06-20","chrome","Local Folder AI App - Google Chrome","7448","5"
"2026-06-20 17:44:02","2026-06-20","chrome","Local Folder AI App - Google Chrome","7448","5"
"2026-06-20 17:44:07","2026-06-20","chrome","Local Folder AI App - Google Chrome","7448","5"
"2026-06-20 17:44:12","2026-06-20","chrome","Local Folder AI App - Google Chrome","7448","5"
"2026-06-20 17:44:17","2026-06-20","chrome","Local Folder AI App - Google Chrome","7448","5"
"2026-06-20 17:44:22","2026-06-20","chrome","TrendAI Report - open source AI agents - Google Chrome","7448","5"
"2026-06-20 17:44:27","2026-06-20","chrome","TrendAI Report - open source AI agents - Google Chrome","7448","5"
"2026-06-20 17:44:32","2026-06-20","chrome","TrendAI Report - open source AI agents - Google Chrome","7448","5"
"2026-06-20 17:44:37","2026-06-20","chrome","TrendAI Report - open source AI agents - Google Chrome","7448","5"
"2026-06-20 17:44:42","2026-06-20","chrome","TrendAI Report - open source AI agents - Google Chrome","7448","5"
"2026-06-20 17:44:47","2026-06-20","chrome","TrendAI Report - open source AI agents - Google Chrome","7448","5"
"2026-06-20 17:44:52","2026-06-20","chrome","Local Folder AI App - Google Chrome","7448","5"
"2026-06-20 17:44:57","2026-06-20","chrome","Local Folder AI App - Google Chrome","7448","5"
"2026-06-20 17:45:02","2026-06-20","chrome","Local Folder AI App - Google Chrome","7448","5"
"2026-06-20 17:45:07","2026-06-20","chrome","Local Folder AI App - Google Chrome","7448","5"
"2026-06-20 17:45:12","2026-06-20","explorer","reports - File Explorer","8840","5"
"2026-06-20 17:45:17","2026-06-20","explorer","TrendAI-Agent - File Explorer","8840","5"
"2026-06-20 17:45:22","2026-06-20","explorer","TrendAI-Agent - File Explorer","8840","5"
"2026-06-20 17:45:27","2026-06-20","explorer","TrendAI-Agent - File Explorer","8840","5"
"2026-06-20 17:45:32","2026-06-20","explorer","TrendAI-Agent - File Explorer","8840","5"
"2026-06-20 17:45:37","2026-06-20","explorer","TrendAI-Agent - File Explorer","8840","5"
"2026-06-20 17:45:42","2026-06-20","explorer","TrendAI-Agent - File Explorer","8840","5"
"2026-06-20 17:45:47","2026-06-20","explorer","TrendAI-Agent - File Explorer","8840","5"
"2026-06-20 17:45:52","2026-06-20","explorer","TrendAI-Agent - File Explorer","8840","5"
"2026-06-20 17:45:57","2026-06-20","explorer","TrendAI-Agent - File Explorer","8840","5"
"2026-06-20 17:46:02","2026-06-20","chrome","Local Folder AI App - Google Chrome","7448","5"
"2026-06-20 17:46:07","2026-06-20","WindowsTerminal","Windows PowerShell","17368","5"
"2026-06-20 17:46:12","2026-06-20","WindowsTerminal","Windows PowerShell","17368","5"
"2026-06-20 17:46:17","2026-06-20","WindowsTerminal","Windows PowerShell","17368","5"
"2026-06-20 17:46:22","2026-06-20","WindowsTerminal","Windows PowerShell","17368","5"
"2026-06-20 17:46:27","2026-06-20","chrome","Local Folder AI App - Google Chrome","7448","5"
"2026-06-20 17:46:32","2026-06-20","chrome","Local Folder AI App - Google Chrome","7448","5"
"2026-06-20 17:46:37","2026-06-20","chrome","Local Folder AI App - Google Chrome","7448","5"
"2026-06-20 17:46:42","2026-06-20","WindowsTerminal","Windows PowerShell","17368","5"
"2026-06-20 17:46:47","2026-06-20","WindowsTerminal","Windows PowerShell","17368","5"
"2026-06-20 17:46:52","2026-06-20","chrome","Local Folder AI App - Google Chrome","7448","5"
"2026-06-20 17:46:57","2026-06-20","chrome","Local Folder AI App - Google Chrome","7448","5"
"2026-06-20 17:47:02","2026-06-20","explorer","No title","8840","5"
"2026-06-20 17:47:07","2026-06-20","chrome","Local Folder AI App - Google Chrome","7448","5"
"2026-06-20 17:47:12","2026-06-20","explorer","No title","8840","5"
"2026-06-20 17:47:17","2026-06-20","WindowsTerminal","Windows PowerShell","17368","5"
"2026-06-20 17:47:22","2026-06-20","WindowsTerminal","Windows PowerShell","17368","5"
"2026-06-20 17:47:26","2026-06-20","WindowsTerminal","Windows PowerShell","17368","5"
"2026-06-20 17:47:26","2026-06-20","WindowsTerminal","Windows PowerShell","17368","5"
"2026-06-20 17:47:27","2026-06-20","WindowsTerminal","Windows PowerShell","17368","5"
"2026-06-20 17:47:31","2026-06-20","WindowsTerminal","Windows PowerShell","17368","5"
"2026-06-20 17:47:32","2026-06-20","WindowsTerminal","Windows PowerShell","17368","5"
"2026-06-20 17:47:36","2026-06-20","chrome","Local Folder AI App - Google Chrome","7448","5"
"2026-06-20 17:47:37","2026-06-20","explorer","No title","8840","5"
"2026-06-20 17:47:41","2026-06-20","explorer","No title","8840","5"
"2026-06-20 17:47:42","2026-06-20","chrome","Local Folder AI App - Google Chrome","7448","5"
"2026-06-20 17:47:46","2026-06-20","Taskmgr","Task Manager","768","5"
"2026-06-20 17:47:47","2026-06-20","Taskmgr","Task Manager","768","5"
"2026-06-20 17:47:51","2026-06-20","chrome","Local Folder AI App - Google Chrome","7448","5"
"2026-06-20 17:47:52","2026-06-20","chrome","Local Folder AI App - Google Chrome","7448","5"
"2026-06-20 17:47:56","2026-06-20","chrome","Local Folder AI App - Google Chrome","7448","5"
"2026-06-20 17:47:57","2026-06-20","chrome","Local Folder AI App - Google Chrome","7448","5"
"2026-06-20 17:48:01","2026-06-20","chrome","Local Folder AI App - Google Chrome","7448","5"
"2026-06-20 17:48:03","2026-06-20","chrome","Local Folder AI App - Google Chrome","7448","5"
"2026-06-20 17:48:06","2026-06-20","chrome","Local Folder AI App - Google Chrome","7448","5"
"2026-06-20 17:48:08","2026-06-20","chrome","Local Folder AI App - Google Chrome","7448","5"
"2026-06-20 17:48:11","2026-06-20","chrome","Local Folder AI App - Google Chrome","7448","5"
"2026-06-20 17:48:13","2026-06-20","chrome","Local Folder AI App - Google Chrome","7448","5"
"2026-06-20 17:48:16","2026-06-20","chrome","Local Folder AI App - Google Chrome","7448","5"
"2026-06-20 17:48:18","2026-06-20","chrome","Local Folder AI App - Google Chrome","7448","5"
"2026-06-20 17:48:21","2026-06-20","chrome","Local Folder AI App - Google Chrome","7448","5"
"2026-06-20 17:48:23","2026-06-20","chrome","Local Folder AI App - Google Chrome","7448","5"
"2026-06-20 17:48:26","2026-06-20","chrome","Local Folder AI App - Google Chrome","7448","5"
"2026-06-20 17:48:28","2026-06-20","chrome","Local Folder AI App - Google Chrome","7448","5"
"2026-06-20 17:48:31","2026-06-20","chrome","Local Folder AI App - Google Chrome","7448","5"
"2026-06-20 17:48:33","2026-06-20","chrome","Local Folder AI App - Google Chrome","7448","5"
"2026-06-20 17:48:36","2026-06-20","chrome","Local Folder AI App - Google Chrome","7448","5"
"2026-06-20 17:48:38","2026-06-20","chrome","Local Folder AI App - Google Chrome","7448","5"
"2026-06-20 17:48:41","2026-06-20","chrome","Local Folder AI App - Google Chrome","7448","5"
"2026-06-20 17:48:43","2026-06-20","chrome","Local Folder AI App - Google Chrome","7448","5"
"2026-06-20 17:48:46","2026-06-20","chrome","Local Folder AI App - Google Chrome","7448","5"
"2026-06-20 17:48:48","2026-06-20","chrome","Local Folder AI App - Google Chrome","7448","5"
"2026-06-20 17:48:51","2026-06-20","chrome","Local Folder AI App - Google Chrome","7448","5"
"2026-06-20 17:48:53","2026-06-20","chrome","Local Folder AI App - Google Chrome","7448","5"
"2026-06-20 17:48:56","2026-06-20","chrome","Local Folder AI App - Google Chrome","7448","5"
"2026-06-20 17:48:58","2026-06-20","chrome","Local Folder AI App - Google Chrome","7448","5"
"2026-06-20 17:49:01","2026-06-20","chrome","Local Folder AI App - Google Chrome","7448","5"
"2026-06-20 17:49:03","2026-06-20","chrome","Local Folder AI App - Google Chrome","7448","5"
"2026-06-20 17:49:06","2026-06-20","chrome","Local Folder AI App - Google Chrome","7448","5"
"2026-06-20 17:49:08","2026-06-20","chrome","Local Folder AI App - Google Chrome","7448","5"
"2026-06-20 17:49:11","2026-06-20","chrome","Local Folder AI App - Google Chrome","7448","5"
"2026-06-20 17:49:13","2026-06-20","chrome","Local Folder AI App - Google Chrome","7448","5"
"2026-06-20 17:49:16","2026-06-20","chrome","Local Folder AI App - Google Chrome","7448","5"
"2026-06-20 17:49:18","2026-06-20","chrome","Local Folder AI App - Google Chrome","7448","5"
"2026-06-20 17:49:21","2026-06-20","chrome","Local Folder AI App - Google Chrome","7448","5"
"2026-06-20 17:49:23","2026-06-20","chrome","Local Folder AI App - Google Chrome","7448","5"
"2026-06-20 17:49:26","2026-06-20","chrome","Local Folder AI App - Google Chrome","7448","5"
"2026-06-20 17:49:28","2026-06-20","chrome","Local Folder AI App - Google Chrome","7448","5"
"2026-06-20 17:49:31","2026-06-20","chrome","Local Folder AI App - Google Chrome","7448","5"
"2026-06-20 17:49:33","2026-06-20","chrome","Local Folder AI App - Google Chrome","7448","5"
"2026-06-20 17:49:36","2026-06-20","chrome","Local Folder AI App - Google Chrome","7448","5"
"2026-06-20 17:49:38","2026-06-20","chrome","Local Folder AI App - Google Chrome","7448","5"
"2026-06-20 17:49:41","2026-06-20","chrome","TrendAI Report - open source AI agents - Google Chrome","7448","5"
"2026-06-20 17:49:43","2026-06-20","chrome","Current Productivity Dashboard - Google Chrome","7448","5"
"2026-06-20 17:49:46","2026-06-20","chrome","gemma3 - Google Chrome","7448","5"
"2026-06-20 17:49:48","2026-06-20","chrome","gemma3 - Google Chrome","7448","5"
"2026-06-20 17:49:51","2026-06-20","explorer","No title","8840","5"
"2026-06-20 17:49:53","2026-06-20","explorer","No title","8840","5"
"2026-06-20 17:49:56","2026-06-20","WindowsTerminal","Windows PowerShell","17368","5"
"2026-06-20 17:49:58","2026-06-20","WindowsTerminal","Windows PowerShell","17368","5"
"2026-06-20 17:50:01","2026-06-20","WindowsTerminal","Windows PowerShell","17368","5"
"2026-06-20 17:50:03","2026-06-20","WindowsTerminal","Windows PowerShell","17368","5"
"2026-06-20 17:50:06","2026-06-20","WindowsTerminal","Windows PowerShell","17368","5"
"2026-06-20 17:50:08","2026-06-20","WindowsTerminal","Windows PowerShell","17368","5"
"2026-06-20 17:50:11","2026-06-20","WindowsTerminal","Windows PowerShell","17368","5"
"2026-06-20 17:50:13","2026-06-20","WindowsTerminal","Windows PowerShell","17368","5"
"2026-06-20 17:50:16","2026-06-20","WindowsTerminal","Windows PowerShell","17368","5"
"2026-06-20 17:50:18","2026-06-20","WindowsTerminal","Windows PowerShell","17368","5"
"2026-06-20 17:50:21","2026-06-20","WindowsTerminal","Windows PowerShell","17368","5"
"2026-06-20 17:50:23","2026-06-20","WindowsTerminal","Windows PowerShell","17368","5"
"2026-06-20 17:50:26","2026-06-20","WindowsTerminal","Windows PowerShell","17368","5"
"2026-06-20 17:50:28","2026-06-20","WindowsTerminal","Windows PowerShell","17368","5"
"2026-06-20 17:50:31","2026-06-20","chrome","TrendAI Productivity Pro Dashboard - Google Chrome","7448","5"
"2026-06-20 17:50:33","2026-06-20","chrome","TrendAI Productivity Pro Dashboard - Google Chrome","7448","5"
"2026-06-20 17:50:36","2026-06-20","chrome","TrendAI Productivity Pro Dashboard - Google Chrome","7448","5"
"2026-06-20 17:50:38","2026-06-20","chrome","TrendAI Productivity Pro Dashboard - Google Chrome","7448","5"
"2026-06-20 17:50:41","2026-06-20","chrome","TrendAI Productivity Pro Dashboard - Google Chrome","7448","5"
"2026-06-20 17:50:43","2026-06-20","chrome","TrendAI Productivity Pro Dashboard - Google Chrome","7448","5"
"2026-06-20 17:50:46","2026-06-20","chrome","TrendAI Productivity Pro Dashboard - Google Chrome","7448","5"
"2026-06-20 17:50:48","2026-06-20","chrome","TrendAI Productivity Pro Dashboard - Google Chrome","7448","5"
"2026-06-20 17:50:51","2026-06-20","chrome","TrendAI Productivity Pro Dashboard - Google Chrome","7448","5"
"2026-06-20 17:50:53","2026-06-20","chrome","TrendAI Productivity Pro Dashboard - Google Chrome","7448","5"
"2026-06-20 17:50:56","2026-06-20","chrome","TrendAI Productivity Pro Dashboard - Google Chrome","7448","5"
"2026-06-20 17:50:58","2026-06-20","chrome","TrendAI Productivity Pro Dashboard - Google Chrome","7448","5"
"2026-06-20 17:51:01","2026-06-20","chrome","TrendAI Productivity Pro Dashboard - Google Chrome","7448","5"
"2026-06-20 17:51:03","2026-06-20","chrome","TrendAI Productivity Pro Dashboard - Google Chrome","7448","5"
"2026-06-20 17:51:06","2026-06-20","chrome","TrendAI Productivity Pro Dashboard - Google Chrome","7448","5"
"2026-06-20 17:51:08","2026-06-20","chrome","TrendAI Productivity Pro Dashboard - Google Chrome","7448","5"
"2026-06-20 17:51:11","2026-06-20","chrome","TrendAI Productivity Pro Dashboard - Google Chrome","7448","5"
"2026-06-20 17:51:13","2026-06-20","chrome","TrendAI Productivity Pro Dashboard - Google Chrome","7448","5"
"2026-06-20 17:51:16","2026-06-20","chrome","TrendAI Productivity Pro Dashboard - Google Chrome","7448","5"
"2026-06-20 17:51:18","2026-06-20","chrome","TrendAI Productivity Pro Dashboard - Google Chrome","7448","5"
"2026-06-20 17:51:21","2026-06-20","chrome","TrendAI Productivity Pro Dashboard - Google Chrome","7448","5"
"2026-06-20 17:51:23","2026-06-20","chrome","TrendAI Productivity Pro Dashboard - Google Chrome","7448","5"
"2026-06-20 17:51:26","2026-06-20","chrome","TrendAI Productivity Pro Dashboard - Google Chrome","7448","5"
"2026-06-20 17:51:28","2026-06-20","chrome","TrendAI Productivity Pro Dashboard - Google Chrome","7448","5"
"2026-06-20 17:51:31","2026-06-20","chrome","TrendAI Productivity Pro Dashboard - Google Chrome","7448","5"
"2026-06-20 17:51:33","2026-06-20","chrome","TrendAI Productivity Pro Dashboard - Google Chrome","7448","5"
"2026-06-20 17:51:36","2026-06-20","chrome","TrendAI Productivity Pro Dashboard - Google Chrome","7448","5"
"2026-06-20 17:51:38","2026-06-20","chrome","TrendAI Productivity Pro Dashboard - Google Chrome","7448","5"
"2026-06-20 17:51:41","2026-06-20","chrome","TrendAI Productivity Pro Dashboard - Google Chrome","7448","5"
"2026-06-20 17:51:43","2026-06-20","chrome","TrendAI Productivity Pro Dashboard - Google Chrome","7448","5"
"2026-06-20 17:51:46","2026-06-20","chrome","TrendAI Productivity Pro Dashboard - Google Chrome","7448","5"
"2026-06-20 17:51:48","2026-06-20","chrome","TrendAI Productivity Pro Dashboard - Google Chrome","7448","5"
"2026-06-20 17:51:51","2026-06-20","chrome","TrendAI Productivity Pro Dashboard - Google Chrome","7448","5"
"2026-06-20 17:51:53","2026-06-20","chrome","TrendAI Productivity Pro Dashboard - Google Chrome","7448","5"
"2026-06-20 17:51:56","2026-06-20","SnippingTool","Snipping Tool Overlay","6220","5"
"2026-06-20 17:51:58","2026-06-20","SnippingTool","Snipping Tool Overlay","6220","5"
"2026-06-20 17:52:01","2026-06-20","SnippingTool","Snipping Tool","6220","5"
"2026-06-20 17:52:03","2026-06-20","SnippingTool","Snipping Tool","6220","5"
"2026-06-20 17:52:07","2026-06-20","SnippingTool","Snipping Tool","6220","5"
"2026-06-20 17:52:08","2026-06-20","chrome","TrendAI Productivity Pro Dashboard - Google Chrome","7448","5"
"2026-06-20 17:52:12","2026-06-20","chrome","TrendAI Productivity Pro Dashboard - Google Chrome","7448","5"
"2026-06-20 17:52:13","2026-06-20","chrome","Farmitra – Farmer's Friend - Google Chrome","7448","5"
"2026-06-20 17:52:17","2026-06-20","chrome","Note shared with you - sattababakingup@gmail.com - Gmail - Google Chrome","7448","5"
"2026-06-20 17:52:18","2026-06-20","chrome","Note shared with you - sattababakingup@gmail.com - Gmail - Google Chrome","7448","5"
"2026-06-20 17:52:22","2026-06-20","chrome","TrendAI Productivity Pro Dashboard - Google Chrome","7448","5"
"2026-06-20 17:52:23","2026-06-20","chrome","Ollama Server Error Troubleshooting - Google Chrome","7448","5"
"2026-06-20 17:52:27","2026-06-20","chrome","Local Folder AI App - Google Chrome","7448","5"
"2026-06-20 17:52:28","2026-06-20","chrome","Local Folder AI App - Google Chrome","7448","5"
"2026-06-20 17:52:32","2026-06-20","chrome","Local Folder AI App - Google Chrome","7448","5"
"2026-06-20 17:52:33","2026-06-20","explorer","No title","8840","5"
"2026-06-20 17:52:37","2026-06-20","WindowsTerminal","Windows PowerShell","17368","5"
"2026-06-20 17:52:38","2026-06-20","WindowsTerminal","Windows PowerShell","17368","5"
"2026-06-20 17:52:42","2026-06-20","WindowsTerminal","Windows PowerShell","17368","5"
"2026-06-20 17:52:43","2026-06-20","WindowsTerminal","Windows PowerShell","17368","5"
"2026-06-20 17:52:47","2026-06-20","chrome","Local Folder AI App - Google Chrome","7448","5"
"2026-06-20 17:52:48","2026-06-20","chrome","Local Folder AI App - Google Chrome","7448","5"
"2026-06-20 17:52:52","2026-06-20","chrome","Local Folder AI App - Google Chrome","7448","5"
"2026-06-20 17:52:53","2026-06-20","chrome","Local Folder AI App - Google Chrome","7448","5"
"2026-06-20 17:52:57","2026-06-20","chrome","Local Folder AI App - Google Chrome","7448","5"
"2026-06-20 17:52:58","2026-06-20","chrome","Local Folder AI App - Google Chrome","7448","5"
"2026-06-20 17:53:02","2026-06-20","chrome","Local Folder AI App - Google Chrome","7448","5"
"2026-06-20 17:53:03","2026-06-20","chrome","Local Folder AI App - Google Chrome","7448","5"
"2026-06-20 17:53:07","2026-06-20","chrome","Local Folder AI App - Google Chrome","7448","5"
"2026-06-20 17:53:08","2026-06-20","chrome","Local Folder AI App - Google Chrome","7448","5"
"2026-06-20 17:53:12","2026-06-20","chrome","Local Folder AI App - Google Chrome","7448","5"
"2026-06-20 17:53:13","2026-06-20","chrome","Local Folder AI App - Google Chrome","7448","5"
"2026-06-20 17:53:17","2026-06-20","chrome","Local Folder AI App - Google Chrome","7448","5"
"2026-06-20 17:53:18","2026-06-20","chrome","Local Folder AI App - Google Chrome","7448","5"
"2026-06-20 17:53:22","2026-06-20","chrome","Local Folder AI App - Google Chrome","7448","5"
"2026-06-20 17:53:23","2026-06-20","chrome","Local Folder AI App - Google Chrome","7448","5"
"2026-06-20 17:53:27","2026-06-20","chrome","Local Folder AI App - Google Chrome","7448","5"
"2026-06-20 17:53:28","2026-06-20","chrome","Local Folder AI App - Google Chrome","7448","5"
"2026-06-20 17:53:32","2026-06-20","chrome","Local Folder AI App - Google Chrome","7448","5"
"2026-06-20 17:53:33","2026-06-20","chrome","Local Folder AI App - Google Chrome","7448","5"
"2026-06-20 17:53:37","2026-06-20","chrome","Local Folder AI App - Google Chrome","7448","5"
"2026-06-20 17:53:39","2026-06-20","chrome","Local Folder AI App - Google Chrome","7448","5"
"2026-06-20 17:53:42","2026-06-20","chrome","Local Folder AI App - Google Chrome","7448","5"
"2026-06-20 17:53:44","2026-06-20","chrome","Local Folder AI App - Google Chrome","7448","5"
"2026-06-20 17:53:47","2026-06-20","chrome","Local Folder AI App - Google Chrome","7448","5"
"2026-06-20 17:53:49","2026-06-20","chrome","Local Folder AI App - Google Chrome","7448","5"
"2026-06-20 17:53:52","2026-06-20","chrome","Local Folder AI App - Google Chrome","7448","5"
"2026-06-20 17:53:54","2026-06-20","chrome","Local Folder AI App - Google Chrome","7448","5"
"2026-06-20 17:53:57","2026-06-20","chrome","Local Folder AI App - Google Chrome","7448","5"
"2026-06-20 17:53:59","2026-06-20","chrome","Local Folder AI App - Google Chrome","7448","5"
"2026-06-20 17:54:02","2026-06-20","chrome","Local Folder AI App - Google Chrome","7448","5"
"2026-06-20 17:54:04","2026-06-20","chrome","Local Folder AI App - Google Chrome","7448","5"
"2026-06-20 17:54:07","2026-06-20","chrome","Local Folder AI App - Google Chrome","7448","5"
"2026-06-20 17:54:09","2026-06-20","explorer","No title","8840","5"
"2026-06-20 17:54:12","2026-06-20","WindowsTerminal","Windows PowerShell","17368","5"
"2026-06-20 17:54:14","2026-06-20","WindowsTerminal","Windows PowerShell","17368","5"
"2026-06-20 17:54:17","2026-06-20","WindowsTerminal","Windows PowerShell","17368","5"
"2026-06-20 17:54:19","2026-06-20","WindowsTerminal","Windows PowerShell","17368","5"
"2026-06-20 17:54:22","2026-06-20","chrome","Local Folder AI App - Google Chrome","7448","5"
"2026-06-20 17:54:24","2026-06-20","chrome","Local Folder AI App - Google Chrome","7448","5"
"2026-06-20 17:54:27","2026-06-20","chrome","Local Folder AI App - Google Chrome","7448","5"
"2026-06-20 17:54:29","2026-06-20","chrome","Local Folder AI App - Google Chrome","7448","5"
"2026-06-20 17:54:32","2026-06-20","chrome","Local Folder AI App - Google Chrome","7448","5"
"2026-06-20 17:54:34","2026-06-20","chrome","Local Folder AI App - Google Chrome","7448","5"
"2026-06-20 17:54:37","2026-06-20","chrome","Local Folder AI App - Google Chrome","7448","5"
"2026-06-20 17:54:39","2026-06-20","chrome","Local Folder AI App - Google Chrome","7448","5"
"2026-06-20 17:54:42","2026-06-20","chrome","Local Folder AI App - Google Chrome","7448","5"
"2026-06-20 17:54:44","2026-06-20","chrome","Local Folder AI App - Google Chrome","7448","5"
"2026-06-20 17:54:47","2026-06-20","chrome","Local Folder AI App - Google Chrome","7448","5"
"2026-06-20 17:54:49","2026-06-20","chrome","Local Folder AI App - Google Chrome","7448","5"
"2026-06-20 17:54:52","2026-06-20","chrome","Local Folder AI App - Google Chrome","7448","5"
"2026-06-20 17:54:54","2026-06-20","chrome","Local Folder AI App - Google Chrome","7448","5"
"2026-06-20 17:54:57","2026-06-20","chrome","Local Folder AI App - Google Chrome","7448","5"
"2026-06-20 17:54:59","2026-06-20","chrome","Local Folder AI App - Google Chrome","7448","5"
"2026-06-20 17:55:02","2026-06-20","chrome","Local Folder AI App - Google Chrome","7448","5"
"2026-06-20 17:55:04","2026-06-20","chrome","Local Folder AI App - Google Chrome","7448","5"
"2026-06-20 17:55:07","2026-06-20","chrome","Local Folder AI App - Google Chrome","7448","5"
"2026-06-20 17:55:09","2026-06-20","chrome","Local Folder AI App - Google Chrome","7448","5"
"2026-06-20 17:55:12","2026-06-20","chrome","Local Folder AI App - Google Chrome","7448","5"
"2026-06-20 17:55:14","2026-06-20","chrome","Local Folder AI App - Google Chrome","7448","5"
"2026-06-20 17:55:17","2026-06-20","chrome","Local Folder AI App - Google Chrome","7448","5"
"2026-06-20 17:55:19","2026-06-20","chrome","Local Folder AI App - Google Chrome","7448","5"
"2026-06-20 17:55:22","2026-06-20","chrome","Local Folder AI App - Google Chrome","7448","5"
"2026-06-20 17:55:24","2026-06-20","chrome","Local Folder AI App - Google Chrome","7448","5"
"2026-06-20 17:55:27","2026-06-20","chrome","Local Folder AI App - Google Chrome","7448","5"
"2026-06-20 17:55:29","2026-06-20","chrome","Local Folder AI App - Google Chrome","7448","5"
"2026-06-20 17:55:32","2026-06-20","chrome","Local Folder AI App - Google Chrome","7448","5"
"2026-06-20 17:55:34","2026-06-20","chrome","Local Folder AI App - Google Chrome","7448","5"
"2026-06-20 17:55:37","2026-06-20","chrome","Local Folder AI App - Google Chrome","7448","5"
"2026-06-20 17:55:39","2026-06-20","chrome","Local Folder AI App - Google Chrome","7448","5"
"2026-06-20 17:55:42","2026-06-20","chrome","Local Folder AI App - Google Chrome","7448","5"
"2026-06-20 17:55:44","2026-06-20","chrome","Local Folder AI App - Google Chrome","7448","5"
"2026-06-20 17:55:47","2026-06-20","explorer","No title","8840","5"
"2026-06-20 17:55:49","2026-06-20","WindowsTerminal","Windows PowerShell","17368","5"
"2026-06-20 17:55:52","2026-06-20","WindowsTerminal","Windows PowerShell","17368","5"
"2026-06-20 17:55:54","2026-06-20","WindowsTerminal","Windows PowerShell","17368","5"
"2026-06-20 17:55:57","2026-06-20","explorer","TrendAI-Agent - File Explorer","8840","5"
"2026-06-20 17:55:59","2026-06-20","explorer","TrendAI-Agent - File Explorer","8840","5"
"2026-06-20 17:56:02","2026-06-20","explorer","TrendAI-Agent - File Explorer","8840","5"
"2026-06-20 17:56:04","2026-06-20","explorer","TrendAI-Agent - File Explorer","8840","5"
"2026-06-20 17:56:07","2026-06-20","explorer","TrendAI-Agent - File Explorer","8840","5"
"2026-06-20 17:56:09","2026-06-20","explorer","TrendAI-Agent - File Explorer","8840","5"
"2026-06-20 17:56:12","2026-06-20","explorer","TrendAI-Agent - File Explorer","8840","5"
"2026-06-20 17:56:14","2026-06-20","explorer","TrendAI-Agent - File Explorer","8840","5"
"2026-06-20 17:56:17","2026-06-20","explorer","TrendAI-Agent - File Explorer","8840","5"
"2026-06-20 17:56:19","2026-06-20","explorer","TrendAI-Agent - File Explorer","8840","5"
"2026-06-20 17:56:22","2026-06-20","chrome","Local Folder AI App - Google Chrome","7448","5"
"2026-06-20 17:56:24","2026-06-20","chrome","Local Folder AI App - Google Chrome","7448","5"
"2026-06-20 17:56:27","2026-06-20","WindowsTerminal","Windows PowerShell","17368","5"
"2026-06-20 17:56:29","2026-06-20","WindowsTerminal","Windows PowerShell","17368","5"
"2026-06-20 17:56:32","2026-06-20","WindowsTerminal","Windows PowerShell","17368","5"
"2026-06-20 17:56:34","2026-06-20","chrome","Local Folder AI App - Google Chrome","7448","5"
"2026-06-20 18:09:34","2026-06-20","WindowsTerminal","AetherDesk Activity Tracker","20000","5"
"2026-06-20 18:09:34","2026-06-20","WindowsTerminal","AetherDesk Activity Tracker","20000","5"
"2026-06-20 18:09:39","2026-06-20","explorer","No title","8840","5"
"2026-06-20 18:09:44","2026-06-20","WindowsTerminal","C:\WINDOWS\system32\cmd.exe","20000","5"
"2026-06-20 18:09:49","2026-06-20","WindowsTerminal","C:\WINDOWS\system32\cmd.exe","20000","5"
"2026-06-20 18:09:54","2026-06-20","WindowsTerminal","C:\WINDOWS\system32\cmd.exe","20000","5"
"2026-06-20 18:09:59","2026-06-20","chrome","AetherDesk AI System Health Dashboard - Google Chrome","7448","5"
"2026-06-20 18:10:04","2026-06-20","chrome","Note shared with you - sattababakingup@gmail.com - Gmail - Google Chrome","7448","5"
"2026-06-20 18:10:09","2026-06-20","chrome","Not Found - Google Chrome","7448","5"
"2026-06-20 18:10:14","2026-06-20","chrome","Local Folder AI App - Google Chrome","7448","5"
"2026-06-20 18:10:19","2026-06-20","chrome","Local Folder AI App - Google Chrome","7448","5"
"2026-06-20 18:10:24","2026-06-20","WindowsTerminal","C:\WINDOWS\system32\cmd.exe","20000","5"
"2026-06-20 18:10:29","2026-06-20","WindowsTerminal","C:\WINDOWS\system32\cmd.exe","20000","5"
"2026-06-20 18:10:34","2026-06-20","WindowsTerminal","C:\WINDOWS\system32\cmd.exe","20000","5"
"2026-06-20 18:10:39","2026-06-20","WindowsTerminal","C:\WINDOWS\system32\cmd.exe","20000","5"
"2026-06-20 18:10:44","2026-06-20","WindowsTerminal","C:\WINDOWS\system32\cmd.exe","20000","5"
"2026-06-20 18:10:49","2026-06-20","WindowsTerminal","C:\WINDOWS\system32\cmd.exe","20000","5"
"2026-06-20 18:10:54","2026-06-20","chrome","TrendAI Productivity Pro Dashboard - Google Chrome","7448","5"
"2026-06-20 18:10:59","2026-06-20","chrome","TrendAI Productivity Pro Dashboard - Google Chrome","7448","5"
"2026-06-20 18:11:04","2026-06-20","chrome","TrendAI Productivity Pro Dashboard - Google Chrome","7448","5"
"2026-06-20 18:11:09","2026-06-20","chrome","TrendAI Productivity Pro Dashboard - Google Chrome","7448","5"
"2026-06-20 18:11:14","2026-06-20","chrome","TrendAI Productivity Pro Dashboard - Google Chrome","7448","5"
"2026-06-20 18:11:19","2026-06-20","chrome","TrendAI Productivity Pro Dashboard - Google Chrome","7448","5"
"2026-06-20 18:11:24","2026-06-20","chrome","TrendAI Productivity Pro Dashboard - Google Chrome","7448","5"
"2026-06-20 18:11:29","2026-06-20","chrome","TrendAI Productivity Pro Dashboard - Google Chrome","7448","5"
"2026-06-20 18:11:34","2026-06-20","chrome","TrendAI Productivity Pro Dashboard - Google Chrome","7448","5"
"2026-06-20 18:11:39","2026-06-20","chrome","TrendAI Productivity Pro Dashboard - Google Chrome","7448","5"
"2026-06-20 18:11:44","2026-06-20","chrome","TrendAI Productivity Pro Dashboard - Google Chrome","7448","5"
"2026-06-20 18:11:49","2026-06-20","chrome","TrendAI Productivity Pro Dashboard - Google Chrome","7448","5"
"2026-06-20 18:11:54","2026-06-20","WindowsTerminal","AetherDesk Activity Tracker","20000","5"
